program_name,course_code
Computing Science Dual Degree Program (BSc/Master of Finance option),CMPT 105W
Computing Science Dual Degree Program (BSc/Master of Finance option),CMPT 120
Computing Science Dual Degree Program (BSc/Master of Finance option),CMPT 125
Computing Science Dual Degree Program (BSc/Master of Finance option),CMPT 201
Computing Science Dual Degree Program (BSc/Master of Finance option),CMPT 210
Computing Science Dual Degree Program (BSc/Master of Finance option),CMPT 225
Computing Science Dual Degree Program (BSc/Master of Finance option),CMPT 276
Computing Science Dual Degree Program (BSc/Master of Finance option),CMPT 295
Computing Science Dual Degree Program (BSc/Master of Finance option),CMPT 307
Computing Science Dual Degree Program (BSc/Master of Finance option),CMPT 354
Computing Science Dual Degree Program (BSc/Master of Finance option),CMPT 371
Computing Science Dual Degree Program (BSc/Master of Finance option),CMPT 373
Computing Science Dual Degree Program (BSc/Master of Finance option),CMPT 376W
Computing Science Dual Degree Program (BSc/Master of Finance option),CMPT 497
Computing Science Dual Degree Program (BSc/Master of Finance option),MACM 101
Computing Science Dual Degree Program (BSc/Master of Finance option),MACM 316
Computing Science Dual Degree Program (BSc/Master of Finance option),MATH 151
Computing Science Dual Degree Program (BSc/Master of Finance option),MATH 152
Computing Science Dual Degree Program (BSc/Master of Finance option),MATH 232
Computing Science Dual Degree Program (BSc/Master of Finance option),BUS 232
